epoch,mean_loss,epoch_display
0,0.8716232961314212,1
1,0.8636150654380439,2
2,0.8669724240079784,3
