epoch,wall_time_sec,batches_in_epoch,mean_loss,global_step_end
1,5889.484,17642,0.87162330,17642
2,6181.991,17642,0.86361507,35284
3,6052.543,17642,0.86697242,52926
