epoch,mean_loss
1,0.8716232961314212
2,0.8636150654380439
3,0.8669724240079784
