epoch,mean_loss,epoch_display
0,1.7061417608193947,1
1,1.6537546533119192,2
2,1.6256808519363404,3
