global_step,eval_loss,wall_time_unix
10487,8.96289062,1778582113.821597
